Index,Output
8916,SIRA
9797,SIRA
8135,SIRA
10268,DERMASON
10808,DERMASON
1859,SEKER
7354,HOROZ
9576,SIRA
8468,SIRA
11975,DERMASON
7158,HOROZ
11797,DERMASON
12105,DERMASON
8650,SIRA
4279,CALI
7390,HOROZ
9360,SIRA
7310,HOROZ
6073,HOROZ
5727,SIRA
562,SEKER
10156,DERMASON
12130,DERMASON
9507,SIRA
9249,SIRA
10145,DERMASON
8588,SIRA
899,SEKER
238,SEKER
12791,DERMASON
10979,DERMASON
7586,SIRA
1734,SEKER
7851,SIRA
931,SEKER
4520,CALI
13150,DERMASON
8124,SIRA
1848,SEKER
4270,BARBUNYA
11932,DERMASON
936,SEKER
3212,BARBUNYA
4175,CALI
6737,HOROZ
4763,CALI
13208,DERMASON
870,SEKER
7933,SIRA
9639,SIRA
5701,HOROZ
8207,SIRA
3689,BOMBAY
1743,SEKER
7349,HOROZ
6812,HOROZ
8019,SIRA
8675,SIRA
9350,SIRA
4812,CALI
10986,DERMASON
5615,HOROZ
5596,HOROZ
9667,SIRA
5793,HOROZ
7442,DERMASON
5827,HOROZ
3541,BOMBAY
11527,DERMASON
4342,CALI
2222,BARBUNYA
8810,SEKER
3450,BOMBAY
4454,CALI
8719,SIRA
10177,DERMASON
2676,CALI
5771,HOROZ
5372,CALI
9976,SIRA
2884,BARBUNYA
8484,SIRA
2599,BARBUNYA
10790,DERMASON
6124,HOROZ
10272,DERMASON
269,SEKER
11000,DERMASON
4151,CALI
5739,HOROZ
10296,DERMASON
8742,SIRA
2627,BARBUNYA
8997,SIRA
3643,BOMBAY
5194,CALI
8063,SIRA
11083,DERMASON
4609,CALI
2083,BARBUNYA
1587,SEKER
6478,HOROZ
8127,SIRA
3633,BOMBAY
7382,HOROZ
9457,SIRA
9913,SIRA
6265,HOROZ
3354,BOMBAY
2334,CALI
3683,BOMBAY
13062,DERMASON
4815,CALI
4866,CALI
6831,HOROZ
7807,SIRA
3189,BARBUNYA
5245,BARBUNYA
5907,HOROZ
12136,DERMASON
5572,HOROZ
5489,CALI
5986,HOROZ
12258,DERMASON
10832,DERMASON
2545,BARBUNYA
5040,CALI
6828,HOROZ
10166,DERMASON
3912,HOROZ
10924,DERMASON
1570,SEKER
5901,HOROZ
5001,CALI
10218,DERMASON
11531,DERMASON
1448,SEKER
11068,DERMASON
196,SEKER
8611,SIRA
12665,SEKER
8737,SIRA
4373,CALI
5743,HOROZ
874,SEKER
11710,DERMASON
12941,DERMASON
6052,HOROZ
5678,HOROZ
7198,HOROZ
455,SEKER
3467,BOMBAY
5104,CALI
567,SEKER
8572,SIRA
11723,DERMASON
6189,HOROZ
2366,BARBUNYA
599,SEKER
2026,SEKER
2931,BARBUNYA
1821,SEKER
5296,CALI
1304,SEKER
5282,CALI
7728,SIRA
1154,SEKER
12844,DERMASON
626,SEKER
3789,BOMBAY
9997,SIRA
10225,DERMASON
4736,CALI
12409,DERMASON
7849,SIRA
169,SEKER
6562,HOROZ
5087,CALI
2398,BARBUNYA
4829,CALI
13546,SIRA
668,SEKER
13449,SIRA
2140,BARBUNYA
2703,BARBUNYA
6511,HOROZ
11545,DERMASON
9329,SIRA
657,SEKER
3554,BOMBAY
925,SEKER
7239,HOROZ
2514,BARBUNYA
12602,DERMASON
12538,DERMASON
12888,DERMASON
13024,SIRA
4261,CALI
12372,DERMASON
5856,SIRA
6781,HOROZ
10755,DERMASON
580,SEKER
13583,DERMASON
3353,BOMBAY
1964,SEKER
5435,CALI
8188,SIRA
11416,DERMASON
448,SEKER
987,SEKER
306,SEKER
11702,DERMASON
4389,CALI
12943,DERMASON
10865,DERMASON
11982,DERMASON
6459,HOROZ
8193,SIRA
1926,SEKER
7343,HOROZ
7457,DERMASON
11199,DERMASON
8271,SIRA
1790,SEKER
10410,DERMASON
5942,HOROZ
7783,SIRA
10494,DERMASON
1996,SEKER
6625,HOROZ
1289,SEKER
6719,HOROZ
9069,SIRA
8411,SIRA
6151,HOROZ
7234,HOROZ
1001,SEKER
10886,DERMASON
12482,DERMASON
6233,HOROZ
7387,HOROZ
6742,HOROZ
13316,SIRA
8370,SIRA
549,SEKER
797,SEKER
9523,SIRA
5030,CALI
12542,DERMASON
7136,HOROZ
4317,CALI
6489,HOROZ
726,SEKER
13163,DERMASON
6058,HOROZ
8158,SIRA
12131,DERMASON
8155,SIRA
5405,CALI
8871,SIRA
6596,HOROZ
7658,SIRA
429,SEKER
1748,SEKER
13099,DERMASON
743,SEKER
9806,SIRA
11753,DERMASON
10987,DERMASON
11553,DERMASON
1751,SEKER
2386,BARBUNYA
11037,DERMASON
10676,DERMASON
7213,HOROZ
10797,DERMASON
2403,BARBUNYA
5583,HOROZ
10301,DERMASON
12499,DERMASON
7547,SIRA
12366,DERMASON
9468,SIRA
7484,DERMASON
1427,SEKER
1479,SEKER
8319,SIRA
2896,BARBUNYA
9217,SIRA
7396,HOROZ
5502,DERMASON
12307,DERMASON
7040,HOROZ
1860,SEKER
5508,DERMASON
2004,SEKER
11824,DERMASON
10792,DERMASON
13396,SIRA
6088,HOROZ
7468,DERMASON
10815,DERMASON
5167,CALI
6921,HOROZ
10954,DERMASON
7238,HOROZ
5866,HOROZ
431,SEKER
1990,SIRA
8255,SIRA
772,SEKER
1519,SEKER
9899,SIRA
6759,HOROZ
2312,BARBUNYA
9036,SIRA
7480,DERMASON
9587,SIRA
7047,HOROZ
12887,DERMASON
1367,SEKER
7689,SIRA
1387,SEKER
11571,DERMASON
8538,SIRA
147,SEKER
11052,DERMASON
13130,DERMASON
6117,HOROZ
5680,HOROZ
13456,SIRA
13247,DERMASON
1207,SEKER
8796,SIRA
5537,HOROZ
7744,SIRA
2830,BARBUNYA
3431,BOMBAY
3427,BOMBAY
7882,SEKER
13340,SIRA
546,SEKER
7707,SIRA
10383,DERMASON
6316,HOROZ
2235,BARBUNYA
10530,DERMASON
4058,CALI
8222,SIRA
850,SEKER
10689,DERMASON
3381,BOMBAY
5545,SIRA
6138,HOROZ
6686,HOROZ
6810,HOROZ
517,SEKER
8467,SIRA
7721,SIRA
4024,BARBUNYA
6363,HOROZ
2460,BARBUNYA
1944,SEKER
827,SEKER
254,SEKER
6282,HOROZ
7151,HOROZ
8655,SIRA
7006,HOROZ
840,SEKER
8832,SIRA
2192,CALI
1441,SEKER
12990,DERMASON
4493,CALI
11462,DERMASON
3498,BOMBAY
5735,HOROZ
584,SEKER
7500,DERMASON
11461,DERMASON
12408,DERMASON
5783,HOROZ
12406,DERMASON
13350,DERMASON
1504,SEKER
11642,DERMASON
3183,BARBUNYA
12196,DERMASON
4557,CALI
9914,SIRA
2029,SEKER
5763,HOROZ
8143,SIRA
8005,SIRA
4629,CALI
9699,SIRA
7313,HOROZ
7459,DERMASON
5411,CALI
5266,CALI
11919,DERMASON
10817,DERMASON
11294,DERMASON
10474,DERMASON
7823,SIRA
1302,SEKER
4,SEKER
8961,SIRA
2351,BARBUNYA
4892,CALI
12595,DERMASON
1436,SEKER
12872,DERMASON
4661,CALI
5186,CALI
6366,HOROZ
11276,DERMASON
12704,DERMASON
1894,SEKER
10182,SEKER
11077,DERMASON
6120,HOROZ
10683,DERMASON
6452,HOROZ
2526,BARBUNYA
741,SEKER
5052,CALI
9430,SIRA
511,SEKER
447,SEKER
10363,DERMASON
926,SEKER
6448,HOROZ
11554,DERMASON
5292,CALI
11944,DERMASON
262,SEKER
11590,DERMASON
11521,DERMASON
716,SEKER
1241,SEKER
7986,SIRA
253,SEKER
7223,HOROZ
5340,CALI
4477,CALI
7053,HOROZ
2771,BARBUNYA
525,SEKER
4251,CALI
7551,DERMASON
2225,BARBUNYA
3992,HOROZ
2232,BARBUNYA
8181,SIRA
9155,SIRA
2733,BARBUNYA
2336,BARBUNYA
10115,DERMASON
6896,HOROZ
13216,DERMASON
6228,HOROZ
352,SEKER
7989,SIRA
4688,CALI
9144,SIRA
5073,CALI
6968,HOROZ
4691,CALI
5718,HOROZ
372,SEKER
7827,SIRA
914,SEKER
6689,HOROZ
5754,HOROZ
9063,SIRA
11151,DERMASON
7876,SIRA
1363,SEKER
6218,HOROZ
2433,BARBUNYA
13212,DERMASON
10919,DERMASON
12566,DERMASON
1053,SEKER
5525,DERMASON
10162,DERMASON
963,SEKER
12979,DERMASON
9106,SIRA
10048,SIRA
4311,CALI
3333,BARBUNYA
13422,SIRA
7058,HOROZ
6778,HOROZ
12403,DERMASON
9512,SIRA
10925,DERMASON
8215,SIRA
10513,DERMASON
590,SEKER
5564,HOROZ
3474,BOMBAY
5160,CALI
12060,DERMASON
6898,HOROZ
3358,BOMBAY
11265,DERMASON
6115,HOROZ
3130,BARBUNYA
9741,SIRA
5472,CALI
11568,DERMASON
8884,SIRA
4914,CALI
6584,HOROZ
9351,SIRA
5568,HOROZ
6387,HOROZ
3213,BARBUNYA
6063,HOROZ
6583,HOROZ
11576,DERMASON
4645,CALI
3190,BARBUNYA
9817,SIRA
3909,CALI
3973,BARBUNYA
1270,SEKER
5118,CALI
12628,DERMASON
5192,CALI
12510,DERMASON
283,SEKER
6721,HOROZ
3719,BOMBAY
3553,BOMBAY
10994,DERMASON
1917,SEKER
1460,SEKER
2262,BARBUNYA
5150,CALI
12712,DERMASON
5947,HOROZ
695,SEKER
10872,DERMASON
12276,DERMASON
5003,CALI
13155,DERMASON
8512,SIRA
5807,HOROZ
4006,CALI
910,SEKER
3036,BARBUNYA
150,SEKER
9354,SIRA
5639,HOROZ
1079,SEKER
2429,BARBUNYA
3042,BARBUNYA
13206,DERMASON
10587,DERMASON
9606,SIRA
2035,SIRA
6953,HOROZ
9195,SIRA
3291,BARBUNYA
13134,SIRA
42,DERMASON
12998,DERMASON
11933,DERMASON
5004,CALI
8507,SIRA
7286,HOROZ
8171,SIRA
1525,SEKER
7727,SIRA
6548,HOROZ
4382,CALI
8769,SIRA
7333,HOROZ
6087,HOROZ
9629,SIRA
12959,DERMASON
3387,BOMBAY
6266,HOROZ
10884,DERMASON
6820,HOROZ
8629,SIRA
5929,SIRA
11839,DERMASON
3202,BARBUNYA
12002,DERMASON
5213,CALI
7370,HOROZ
10774,DERMASON
1922,BARBUNYA
6348,HOROZ
3961,CALI
4993,CALI
330,SEKER
4513,CALI
8122,SIRA
4071,CALI
624,SEKER
11382,DERMASON
1798,SIRA
3605,BOMBAY
8458,SIRA
2255,BARBUNYA
6423,HOROZ
8502,SIRA
3050,BARBUNYA
13374,DERMASON
6424,HOROZ
11976,DERMASON
12582,DERMASON
10600,DERMASON
1521,SEKER
8454,SIRA
6487,HOROZ
8490,SIRA
2426,BARBUNYA
12590,DERMASON
3835,BOMBAY
9646,SIRA
4416,CALI
761,SEKER
4048,CALI
11138,DERMASON
12664,DERMASON
9172,SIRA
5641,HOROZ
12809,DERMASON
3850,BOMBAY
11560,DERMASON
6754,HOROZ
6414,HOROZ
11412,DERMASON
10910,DERMASON
6550,HOROZ
4376,CALI
8280,SEKER
11464,DERMASON
6660,HOROZ
1029,SEKER
4155,CALI
1927,SEKER
7903,SIRA
3976,HOROZ
3923,CALI
2746,BARBUNYA
4951,CALI
12618,DERMASON
5026,CALI
7763,SIRA
4561,CALI
4193,CALI
10935,DERMASON
13275,DERMASON
4114,HOROZ
10398,DERMASON
2084,BARBUNYA
4180,CALI
1111,DERMASON
11515,SIRA
8259,SIRA
6015,HOROZ
10970,DERMASON
7511,DERMASON
8081,SIRA
5613,HOROZ
13416,DERMASON
11544,DERMASON
6011,HOROZ
12896,DERMASON
1070,SEKER
12753,DERMASON
2258,BARBUNYA
3531,BOMBAY
9001,SIRA
4660,CALI
4496,CALI
3731,BOMBAY
1643,SEKER
6887,HOROZ
2136,BARBUNYA
2365,BARBUNYA
1338,SIRA
3540,BOMBAY
1870,SEKER
12583,DERMASON
8896,SIRA
3399,BOMBAY
11404,DERMASON
10663,DERMASON
6565,HOROZ
2855,BARBUNYA
779,SEKER
12951,DERMASON
11029,DERMASON
7145,HOROZ
6902,HOROZ
3179,BARBUNYA
12488,DERMASON
12070,DERMASON
11775,DERMASON
9387,SIRA
12241,DERMASON
6573,HOROZ
10440,DERMASON
7052,HOROZ
13148,DERMASON
12646,DERMASON
5930,HOROZ
4331,CALI
3827,BOMBAY
5573,SIRA
1138,SEKER
5128,CALI
11304,DERMASON
11887,DERMASON
5944,HOROZ
13116,DERMASON
2375,CALI
7150,HOROZ
820,SEKER
12869,DERMASON
2988,BARBUNYA
11488,DERMASON
4429,CALI
4979,CALI
3957,CALI
8630,SIRA
572,SEKER
777,SEKER
11028,DERMASON
8417,SIRA
13498,SIRA
2040,SIRA
12484,DERMASON
12209,DERMASON
10376,DERMASON
3377,BOMBAY
8169,SIRA
12229,DERMASON
647,SEKER
9362,SIRA
10442,DERMASON
2671,BARBUNYA
9260,SIRA
13471,SIRA
5536,HOROZ
824,SEKER
7566,SIRA
10031,SIRA
6521,SIRA
868,SEKER
2584,BARBUNYA
10724,DERMASON
10586,DERMASON
11580,DERMASON
11050,DERMASON
366,SEKER
3902,CALI
13051,DERMASON
6300,HOROZ
11548,DERMASON
6165,HOROZ
12125,DERMASON
12470,DERMASON
6920,HOROZ
6083,HOROZ
8107,SIRA
9858,SIRA
1607,SEKER
11506,DERMASON
4964,CALI
7601,DERMASON
4395,CALI
4756,CALI
12114,DERMASON
11001,DERMASON
12077,DERMASON
8658,SIRA
12910,DERMASON
10435,DERMASON
8788,SIRA
7154,HOROZ
3129,BARBUNYA
3610,BOMBAY
7171,HOROZ
12694,DERMASON
10754,DERMASON
13477,SIRA
4470,CALI
6630,HOROZ
6354,HOROZ
2544,CALI
849,SEKER
9235,SIRA
7790,SIRA
11639,DERMASON
2639,BARBUNYA
5513,HOROZ
8442,SIRA
3487,BOMBAY
1052,SEKER
13377,DERMASON
12780,DERMASON
3602,BOMBAY
6250,HOROZ
10848,DERMASON
11466,DERMASON
7392,HOROZ
8904,SIRA
11496,DERMASON
5531,HOROZ
3488,BOMBAY
6975,HOROZ
6394,HOROZ
4782,CALI
12393,DERMASON
1419,SEKER
1021,SEKER
8235,SIRA
4488,CALI
10751,DERMASON
9528,SIRA
2168,BARBUNYA
9671,SIRA
7389,HOROZ
1071,SEKER
9056,SIRA
9643,SIRA
5874,HOROZ
13599,SEKER
2643,BARBUNYA
10011,SIRA
7532,SIRA
193,SEKER
6033,HOROZ
12977,DERMASON
2512,BARBUNYA
502,SEKER
6917,HOROZ
9447,SIRA
12140,DERMASON
8070,SIRA
268,SEKER
4823,CALI
11716,DERMASON
2818,BARBUNYA
7335,HOROZ
10627,DERMASON
6231,HOROZ
9748,SIRA
1026,SEKER
12191,DERMASON
8778,SIRA
1773,SEKER
6579,HOROZ
3224,BARBUNYA
8665,SIRA
589,SEKER
7993,SIRA
12260,DERMASON
12233,DERMASON
9700,SIRA
9060,SIRA
1878,SEKER
6734,HOROZ
11885,DERMASON
5847,HOROZ
2118,BARBUNYA
4275,HOROZ
5127,BARBUNYA
9919,SIRA
5841,HOROZ
5287,CALI
3823,BOMBAY
8186,SIRA
11588,DERMASON
6851,HOROZ
7907,DERMASON
12732,DERMASON
978,SEKER
11657,DERMASON
9127,SIRA
3748,BOMBAY
7725,SIRA
12477,SIRA
11319,DERMASON
5285,CALI
4623,CALI
11577,DERMASON
10104,DERMASON
1767,SEKER
770,SEKER
12726,DERMASON
12559,DERMASON
4857,CALI
9118,SIRA
2198,BARBUNYA
6405,HOROZ
5810,HOROZ
7178,HOROZ
1016,SEKER
842,SEKER
10369,DERMASON
8724,SIRA
8024,SIRA
12999,DERMASON
6663,HOROZ
7189,HOROZ
1911,SEKER
2950,BARBUNYA
7748,DERMASON
5635,HOROZ
3332,BARBUNYA
5199,CALI
4103,CALI
12818,DERMASON
8250,SIRA
13140,DERMASON
12940,SIRA
23,DERMASON
9308,SIRA
996,SEKER
4134,CALI
4269,BARBUNYA
11538,DERMASON
11064,DERMASON
10434,DERMASON
9582,SIRA
170,SEKER
9352,SIRA
11384,DERMASON
13427,SIRA
4695,CALI
1471,SEKER
8412,SIRA
10927,DERMASON
5549,HOROZ
2958,BARBUNYA
6811,HOROZ
5747,HOROZ
6501,HOROZ
2866,BARBUNYA
10053,SIRA
12631,DERMASON
13392,DERMASON
6675,HOROZ
3997,CALI
3262,BARBUNYA
9453,SIRA
4526,CALI
5965,HOROZ
9263,SIRA
9230,SIRA
3378,BOMBAY
6606,HOROZ
4905,BARBUNYA
5427,CALI
709,SEKER
8358,SIRA
12468,DERMASON
10716,DERMASON
5256,CALI
2220,BARBUNYA
8179,SIRA
4396,CALI
12788,DERMASON
2663,BARBUNYA
175,SEKER
9103,SIRA
3584,BOMBAY
4706,CALI
250,SEKER
2525,BARBUNYA
10648,DERMASON
11730,DERMASON
3736,BOMBAY
6485,HOROZ
3707,BOMBAY
10333,DERMASON
2100,BARBUNYA
5937,HOROZ
637,SEKER
1349,SEKER
5823,SIRA
5612,HOROZ
4762,CALI
12915,DERMASON
9492,SEKER
2224,BARBUNYA
957,SEKER
1718,SEKER
4088,CALI
13253,SIRA
1034,SEKER
5782,HOROZ
7115,HOROZ
2331,BARBUNYA
4199,CALI
1312,SEKER
5654,HOROZ
8912,SIRA
4684,CALI
699,SEKER
4704,CALI
6161,HOROZ
8225,SIRA
10955,DERMASON
8146,SIRA
7030,HOROZ
4361,CALI
12777,DERMASON
10492,DERMASON
8702,SIRA
2231,BARBUNYA
10643,DERMASON
180,SEKER
4191,CALI
10361,DERMASON
5066,CALI
12539,DERMASON
5045,CALI
6909,HOROZ
2310,BARBUNYA
7900,SIRA
9152,SIRA
6065,HOROZ
12203,DERMASON
3083,BARBUNYA
2722,BARBUNYA
3511,BOMBAY
5811,HOROZ
4091,CALI
8130,SIRA
5589,HOROZ
9234,SIRA
9121,SIRA
3525,BOMBAY
414,SEKER
8852,SIRA
617,SEKER
5124,CALI
8252,SIRA
6791,HOROZ
5660,HOROZ
3492,BOMBAY
6107,HOROZ
10270,DERMASON
387,SEKER
4972,CALI
8555,SIRA
5198,CALI
11293,DERMASON
10714,DERMASON
8303,SIRA
2480,BARBUNYA
6132,HOROZ
11195,DERMASON
4958,CALI
10723,DERMASON
11563,DERMASON
2513,CALI
8848,SIRA
8477,SIRA
12266,DERMASON
3182,BARBUNYA
5206,CALI
11331,DERMASON
6017,HOROZ
2634,BARBUNYA
6259,SIRA
2632,BARBUNYA
2971,BARBUNYA
5304,CALI
8772,SIRA
5021,CALI
7005,HOROZ
13109,DERMASON
9262,SIRA
11855,DERMASON
3142,BARBUNYA
1816,SEKER
12152,DERMASON
8982,SIRA
4381,CALI
11556,DERMASON
9939,SIRA
221,SEKER
1115,SEKER
8483,SIRA
8406,SIRA
4588,CALI
2579,BARBUNYA
5341,CALI
9194,SIRA
10459,DERMASON
4119,CALI
6730,HOROZ
6281,HOROZ
9734,SIRA
315,SEKER
5463,CALI
5922,HOROZ
8736,SIRA
3031,BARBUNYA
11312,DERMASON
58,SEKER
3418,BOMBAY
155,SEKER
3606,BOMBAY
10645,DERMASON
10478,DERMASON
4537,CALI
4226,CALI
1920,SEKER
9157,SIRA
8194,SIRA
6850,HOROZ
877,SEKER
954,SEKER
6027,HOROZ
6724,HOROZ
5061,CALI
7172,HOROZ
13544,SIRA
4989,CALI
11005,DERMASON
1360,SEKER
3469,BOMBAY
4149,CALI
9982,SIRA
11566,DERMASON
8349,SIRA
12576,DERMASON
10400,DERMASON
2674,BARBUNYA
8543,SIRA
765,SEKER
10351,DERMASON
5646,SIRA
3464,BOMBAY
6034,HOROZ
6914,HOROZ
3149,BARBUNYA
2637,BARBUNYA
2909,BARBUNYA
4365,CALI
7451,DERMASON
10212,DERMASON
3597,BOMBAY
105,SEKER
2895,BARBUNYA
2594,BARBUNYA
837,SEKER
4324,CALI
1686,SEKER
1650,SEKER
7839,SIRA
10990,DERMASON
8877,SIRA
11440,DERMASON
7626,SIRA
4755,CALI
9020,SIRA
6248,HOROZ
4217,CALI
12491,DERMASON
9886,SIRA
291,SEKER
4253,HOROZ
3063,BARBUNYA
13174,DERMASON
8725,SIRA
1311,SEKER
1954,SEKER
4554,CALI
9307,BARBUNYA
742,SEKER
1809,SEKER
13357,SIRA
9013,SIRA
8878,SIRA
4738,CALI
3851,BOMBAY
12175,DERMASON
4927,CALI
12776,DERMASON
9095,SIRA
9406,SIRA
6772,HOROZ
1660,SEKER
4663,CALI
3794,BOMBAY
8794,SIRA
12898,DERMASON
3863,BOMBAY
325,SEKER
7647,SIRA
10415,DERMASON
2932,BARBUNYA
11321,DERMASON
6523,HOROZ
12208,DERMASON
5185,CALI
9632,SIRA
8917,SIRA
2516,BARBUNYA
2633,BARBUNYA
4531,CALI
11125,DERMASON
3379,BOMBAY
2438,BARBUNYA
10788,DERMASON
8334,SIRA
8199,SIRA
10989,DERMASON
2437,BARBUNYA
3566,BOMBAY
766,SEKER
7837,SIRA
4281,CALI
2314,BARBUNYA
3987,CALI
12389,DERMASON
700,SEKER
12398,DERMASON
7433,DERMASON
1019,SEKER
2673,BARBUNYA
8328,SIRA
6505,HOROZ
3718,BOMBAY
5577,HOROZ
205,SEKER
1205,SEKER
1062,SEKER
3468,BOMBAY
13483,SIRA
13082,DERMASON
9244,SIRA
11339,DERMASON
8748,SIRA
11314,DERMASON
13238,DERMASON
1632,SEKER
11393,DERMASON
3460,BOMBAY
13397,DERMASON
6416,HOROZ
6684,HOROZ
3216,BARBUNYA
8166,SIRA
2435,CALI
10609,DERMASON
2032,SIRA
9421,SIRA
11278,DERMASON
12670,DERMASON
8321,SIRA
3206,BARBUNYA
4992,CALI
8689,SIRA
4418,CALI
3817,BOMBAY
11413,DERMASON
8519,SIRA
5148,BARBUNYA
5113,CALI
11916,DERMASON
12797,DERMASON
5382,CALI
4449,CALI
12987,DERMASON
997,SEKER
9026,SIRA
12018,DERMASON
6618,HOROZ
2039,SIRA
12483,DERMASON
5923,HOROZ
13183,DERMASON
8975,SIRA
9610,SIRA
9544,SIRA
6185,HOROZ
7344,HOROZ
10922,DERMASON
7300,HOROZ
75,SEKER
9569,SIRA
4047,CALI
10931,DERMASON
7798,SIRA
8165,SIRA
7228,HOROZ
3552,BOMBAY
3141,BARBUNYA
12027,DERMASON
879,SEKER
1418,SEKER
1146,SEKER
1699,SIRA
13251,DERMASON
4744,CALI
3002,BARBUNYA
10008,SIRA
3230,BARBUNYA
982,SEKER
4406,CALI
5177,CALI
6207,HOROZ
1256,SEKER
2451,BARBUNYA
12790,DERMASON
160,SEKER
12180,DERMASON
4222,CALI
7098,HOROZ
3698,BOMBAY
304,SEKER
3959,CALI
11511,DERMASON
4036,CALI
97,SEKER
1531,SEKER
1354,SEKER
10364,DERMASON
6490,HOROZ
5399,CALI
1230,SEKER
5770,HOROZ
11926,DERMASON
5592,HOROZ
6437,HOROZ
4431,CALI
7033,HOROZ
68,SEKER
12456,DERMASON
1400,SEKER
226,SEKER
11913,DERMASON
1409,SEKER
13036,DERMASON
8930,SIRA
6847,HOROZ
2440,BARBUNYA
1900,SEKER
5227,CALI
11470,DERMASON
8077,SIRA
3756,BOMBAY
8688,SIRA
11123,DERMASON
13356,DERMASON
8978,SIRA
7683,SIRA
11134,DERMASON
12691,DERMASON
6486,HOROZ
6036,HOROZ
3581,BOMBAY
2802,BARBUNYA
895,SEKER
2577,BARBUNYA
4994,CALI
10638,DERMASON
7803,SIRA
240,SEKER
5290,CALI
2724,BARBUNYA
692,SEKER
3523,BOMBAY
1742,SEKER
7706,SIRA
3575,BOMBAY
2239,BARBUNYA
10098,DERMASON
7141,HOROZ
10403,DERMASON
4025,CALI
11273,DERMASON
3641,BOMBAY
7248,HOROZ
4860,CALI
8856,SIRA
5494,CALI
6987,HOROZ
3360,BOMBAY
6685,HOROZ
12032,DERMASON
11364,DERMASON
4167,CALI
11870,DERMASON
4833,CALI
4012,CALI
8838,SIRA
13309,SIRA
1356,SEKER
6875,HOROZ
2300,BARBUNYA
8919,SEKER
12839,DERMASON
2303,BARBUNYA
3187,BARBUNYA
9790,SIRA
11731,DERMASON
9398,SIRA
3398,BOMBAY
655,SEKER
2739,BARBUNYA
2837,BARBUNYA
7329,HOROZ
5084,CALI
6010,HOROZ
13608,SIRA
2236,BARBUNYA
3022,BARBUNYA
10419,DERMASON
11888,DERMASON
10599,DERMASON
1253,SEKER
5336,CALI
5881,HOROZ
9930,SIRA
12333,DERMASON
7602,DERMASON
3735,BOMBAY
6525,HOROZ
1849,SEKER
11040,DERMASON
3867,BOMBAY
11154,DERMASON
5029,CALI
5107,CALI
3489,BOMBAY
9763,SIRA
9185,SIRA
3694,BOMBAY
2447,BARBUNYA
9722,SIRA
12866,DERMASON
6534,HOROZ
4920,BARBUNYA
9396,SIRA
3891,HOROZ
9545,SIRA
4209,CALI
12186,DERMASON
2726,BARBUNYA
12744,DERMASON
4172,CALI
6641,HOROZ
619,SEKER
8460,SIRA
12611,DERMASON
3808,BOMBAY
3376,BOMBAY
5322,CALI
9164,SIRA
4702,CALI
9465,SIRA
2591,CALI
4213,CALI
5038,CALI
3936,HOROZ
5736,HOROZ
10420,DERMASON
1853,SEKER
1522,SEKER
6302,HOROZ
67,DERMASON
9770,SIRA
5608,HOROZ
6334,HOROZ
12502,DERMASON
7369,HOROZ
10016,HOROZ
1318,SEKER
2283,BARBUNYA
4947,CALI
9470,SIRA
10233,DERMASON
2874,BARBUNYA
7905,SIRA
10516,DERMASON
3946,CALI
3714,BOMBAY
10623,DERMASON
2110,BARBUNYA
10414,DERMASON
7686,SIRA
5392,CALI
10110,DERMASON
12169,DERMASON
11059,DERMASON
10197,DERMASON
11034,DERMASON
4480,CALI
2414,BARBUNYA
7765,DERMASON
12958,DERMASON
4412,CALI
11183,DERMASON
6255,HOROZ
10204,DERMASON
4678,CALI
6598,HOROZ
645,DERMASON
6112,HOROZ
8534,SIRA
13484,SIRA
7123,HOROZ
1114,SEKER
10742,DERMASON
12571,DERMASON
6687,HOROZ
4398,CALI
923,SEKER
1493,SEKER
1416,SEKER
382,SEKER
568,SEKER
7932,SIRA
13415,SEKER
98,SEKER
10086,DERMASON
7616,SIRA
7095,HOROZ
10374,DERMASON
4223,CALI
13496,SIRA
244,SEKER
11057,DERMASON
5257,CALI
12262,DERMASON
2894,BARBUNYA
2714,BARBUNYA
6610,HOROZ
789,SEKER
7937,SIRA
9125,SIRA
7603,DERMASON
2326,BARBUNYA
1446,SEKER
6139,HOROZ
11252,DERMASON
9796,SIRA
6707,HOROZ
6474,HOROZ
12189,DERMASON
7682,SIRA
5293,CALI
6305,HOROZ
6864,HOROZ
10289,DERMASON
10974,DERMASON
10870,DERMASON
10324,DERMASON
8012,SIRA
10083,DERMASON
5157,CALI
6608,CALI
4083,CALI
4435,CALI
3156,BARBUNYA
5179,CALI
13159,DERMASON
5499,CALI
11026,DERMASON
4211,CALI
7828,SIRA
333,SEKER
4067,CALI
1993,SEKER
6592,HOROZ
294,SEKER
13033,DERMASON
6400,HOROZ
6551,HOROZ
8548,SIRA
6177,HOROZ
3397,BOMBAY
6059,HOROZ
3790,BOMBAY
8451,SIRA
2581,CALI
756,SEKER
9227,SIRA
13014,DERMASON
7724,SIRA
12143,DERMASON
4425,BARBUNYA
1158,SEKER
8786,SIRA
1015,SEKER
2588,BARBUNYA
8041,SIRA
8546,SIRA
9104,SIRA
7735,SEKER
3429,BOMBAY
10222,DERMASON
11491,DERMASON
168,SEKER
12187,DERMASON
13600,DERMASON
12808,DERMASON
6522,HOROZ
831,SEKER
4301,HOROZ
9173,SIRA
10830,DERMASON
5939,HOROZ
12875,DERMASON
3248,BARBUNYA
6194,HOROZ
6508,HOROZ
11943,DERMASON
12546,DERMASON
8859,SIRA
4099,CALI
4276,CALI
12508,DERMASON
3437,BOMBAY
4523,CALI
1641,SEKER
7056,HOROZ
3549,BOMBAY
4065,CALI
2091,BARBUNYA
5643,HOROZ
9025,SIRA
10636,DERMASON
3830,BOMBAY
9547,SIRA
7240,HOROZ
10920,DERMASON
12781,DERMASON
10203,DERMASON
8459,SIRA
12322,DERMASON
9823,SIRA
4950,CALI
2079,BARBUNYA
4701,CALI
3452,BOMBAY
8577,SIRA
7881,SIRA
8134,HOROZ
8678,SIRA
3386,BOMBAY
11417,DERMASON
3829,BOMBAY
12214,DERMASON
5720,HOROZ
9027,SIRA
12225,DERMASON
2393,BARBUNYA
7314,HOROZ
4059,CALI
10591,DERMASON
3662,BOMBAY
8578,SIRA
9219,SIRA
8372,SIRA
8782,SIRA
3546,BOMBAY
3252,BARBUNYA
2897,BARBUNYA
11431,DERMASON
9818,SIRA
2034,BARBUNYA
10313,DERMASON
11275,DERMASON
9775,SIRA
1433,SEKER
1628,SEKER
3676,BOMBAY
7412,HOROZ
6891,HOROZ
1155,SEKER
703,SEKER
7990,DERMASON
13157,DERMASON
5831,HOROZ
11209,DERMASON
1515,SEKER
10565,DERMASON
11927,DERMASON
2788,BARBUNYA
6888,HOROZ
6372,HOROZ
11987,DERMASON
10690,DERMASON
65,SEKER
6911,HOROZ
1879,SEKER
9439,SIRA
9943,SIRA
1291,SEKER
5283,CALI
1390,SEKER
8948,SIRA
2411,BARBUNYA
9018,SIRA
8732,SIRA
12749,DERMASON
11442,DERMASON
1883,SEKER
450,SEKER
8660,SIRA
857,SEKER
12206,DERMASON
9426,SEKER
6098,HOROZ
11581,DERMASON
2992,BARBUNYA
2042,BARBUNYA
1284,SEKER
2590,CALI
9389,SIRA
8872,SIRA
4147,CALI
5762,HOROZ
7529,DERMASON
8371,SIRA
5142,CALI
10592,DERMASON
6199,HOROZ
5899,HOROZ
6014,HOROZ
10956,DERMASON
2804,BARBUNYA
4876,CALI
13548,DERMASON
4202,CALI
4773,CALI
5812,HOROZ
7660,HOROZ
676,SEKER
862,SEKER
3490,BOMBAY
2120,BARBUNYA
12794,DERMASON
12181,DERMASON
12450,DERMASON
12543,DERMASON
1874,SEKER
953,SEKER
10097,DERMASON
10417,DERMASON
1437,SEKER
1368,SEKER
1345,DERMASON
6804,HOROZ
9928,SIRA
10185,DERMASON
2552,BARBUNYA
11599,DERMASON
4600,CALI
6756,HOROZ
10318,DERMASON
6593,HOROZ
12486,DERMASON
1851,SEKER
2397,BARBUNYA
11977,DERMASON
7217,HOROZ
5931,HOROZ
10546,DERMASON
7164,HOROZ
9920,SIRA
13564,SIRA
9967,SIRA
2741,BARBUNYA
10613,DERMASON
10805,DERMASON
12492,DERMASON
3281,BARBUNYA
9580,SIRA
11680,DERMASON
2001,SEKER
13038,DERMASON
12711,DERMASON
2903,BARBUNYA
9703,SIRA
5466,CALI
9414,SIRA
5122,CALI
6650,HOROZ
12967,DERMASON
2560,BARBUNYA
11221,DERMASON
12591,DERMASON
6952,HOROZ
3430,BOMBAY
12357,DERMASON
6016,HOROZ
2783,CALI
1895,SIRA
13446,DERMASON
3453,BOMBAY
1938,SEKER
9715,SIRA
9733,SIRA
4159,CALI
12609,DERMASON
12090,DERMASON
11453,DERMASON
1198,SEKER
13510,SIRA
12804,DERMASON
1277,SEKER
2165,BARBUNYA
904,SEKER
316,SEKER
5299,CALI
2253,BARBUNYA
13193,DERMASON
9932,SIRA
12170,DERMASON
2089,BARBUNYA
13562,SIRA
3021,BARBUNYA
9839,SIRA
2488,BARBUNYA
704,SEKER
7356,HOROZ
4204,CALI
3837,BOMBAY
2177,BARBUNYA
2445,BARBUNYA
3899,CALI
1127,SEKER
7439,DERMASON
7695,DERMASON
10399,DERMASON
12520,DERMASON
5402,CALI
7427,HOROZ
5953,HOROZ
8418,SIRA
7680,SIRA
4841,CALI
10528,DERMASON
3594,BOMBAY
10308,DERMASON
2601,BARBUNYA
13197,DERMASON
6187,HOROZ
10489,DERMASON
8569,SIRA
11072,DERMASON
4367,CALI
10322,DERMASON
188,SEKER
6923,HOROZ
7934,SIRA
9174,SIRA
767,SEKER
8015,SIRA
12505,SEKER
4731,CALI
2606,BARBUNYA
1872,SEKER
13380,SEKER
8500,SIRA
10059,SIRA
1004,SEKER
1770,SEKER
10340,DERMASON
3304,BARBUNYA
7629,SIRA
7784,DERMASON
6378,HOROZ
12613,DERMASON
39,SEKER
9912,HOROZ
2308,CALI
3654,BOMBAY
7759,SIRA
5214,CALI
5232,CALI
7288,CALI
7267,HOROZ
5968,HOROZ
9668,SIRA
2014,SEKER
3255,BARBUNYA
6731,HOROZ
9732,SIRA
3983,CALI
11783,DERMASON
1526,SEKER
10421,DERMASON
1965,SEKER
12226,DERMASON
12521,DERMASON
12627,SIRA
428,SEKER
9285,SIRA
6253,HOROZ
12171,DERMASON
2766,BARBUNYA
5211,CALI
8514,SIRA
8809,SIRA
279,SEKER
2728,BARBUNYA
2506,BARBUNYA
11519,DERMASON
3218,BARBUNYA
142,SEKER
12087,DERMASON
4207,CALI
9019,SIRA
11905,DERMASON
5829,HOROZ
13426,SIRA
10155,DERMASON
3801,BOMBAY
6137,HOROZ
12278,DERMASON
6861,HOROZ
13499,SIRA
12778,SEKER
5598,HOROZ
4680,CALI
1596,SEKER
2878,BARBUNYA
3080,BARBUNYA
6315,HOROZ
13591,SIRA
3853,BOMBAY
3201,BARBUNYA
10064,HOROZ
2346,BARBUNYA
4056,CALI
2609,BARBUNYA
3780,BOMBAY
10479,DERMASON
8172,SIRA
10375,DERMASON
6662,HOROZ
1266,SEKER
5013,CALI
2963,BARBUNYA
1953,SEKER
3771,BOMBAY
4015,CALI
13537,SIRA
10998,DERMASON
7408,BARBUNYA
9071,SIRA
13007,DERMASON
1930,SEKER
13593,SEKER
9161,SIRA
9864,SIRA
1404,SEKER
8452,SIRA
13060,DERMASON
1746,SEKER
2329,BARBUNYA
3737,BOMBAY
7565,DERMASON
11880,DERMASON
13448,SIRA
10000,SIRA
1126,SEKER
1720,SEKER
12294,DERMASON
13609,SIRA
6602,HOROZ
12286,DERMASON
855,SEKER
3760,BOMBAY
12592,DERMASON
12621,DERMASON
4106,CALI
2468,BARBUNYA
6852,HOROZ
3624,BOMBAY
1717,SEKER
5297,CALI
8933,SIRA
2942,BARBUNYA
12190,DERMASON
2587,BARBUNYA
9808,SIRA
10458,DERMASON
12302,DERMASON
11677,DERMASON
11963,DERMASON
9627,SIRA
4605,CALI
8643,SIRA
11610,DERMASON
4220,CALI
8694,SIRA
5705,SIRA
6175,HOROZ
3315,BARBUNYA
7955,SIRA
10557,DERMASON
9356,SIRA
8729,SIRA
6062,HOROZ
7634,DERMASON
4827,CALI
8493,SIRA
2338,CALI
8656,SIRA
4123,CALI
11066,DERMASON
2791,BARBUNYA
12235,DERMASON
5609,HOROZ
5418,CALI
7935,SIRA
573,SEKER
10992,DERMASON
9218,SIRA
10946,DERMASON
7130,HOROZ
2694,BARBUNYA
7697,SIRA
11700,DERMASON
8275,SIRA
1672,SEKER
3240,BARBUNYA
4749,CALI
5195,CALI
13390,SIRA
5176,CALI
11765,DERMASON
3727,BOMBAY
1689,SEKER
5711,HOROZ
6703,HOROZ
5921,HOROZ
6472,HOROZ
1827,SEKER
841,SEKER
7347,CALI
5321,CALI
2683,BARBUNYA
1490,SEKER
3670,BOMBAY
1673,SEKER
4165,CALI
12675,DERMASON
5984,HOROZ
10091,DERMASON
791,SEKER
807,SEKER
9434,SIRA
529,SEKER
3388,BOMBAY
7525,DERMASON
10818,DERMASON
1975,SEKER
514,SEKER
13248,SEKER
11390,DERMASON
3657,BOMBAY
3777,BOMBAY
5780,HOROZ
13491,SEKER
9922,SIRA
11840,DERMASON
9110,SIRA
4236,CALI
7421,HOROZ
6849,HOROZ
13030,DERMASON
5910,HOROZ
9927,SIRA
1375,SEKER
10821,DERMASON
6819,HOROZ
10044,HOROZ
4225,CALI
2979,BARBUNYA
1110,SEKER
4517,CALI
8891,SIRA
7531,DERMASON
7126,HOROZ
4489,CALI
4296,CALI
1534,SEKER
7636,SIRA
2680,BARBUNYA
9189,SIRA
5311,CALI
3545,BOMBAY
10629,DERMASON
1606,SEKER
11342,DERMASON
5958,HOROZ
12733,DERMASON
10382,DERMASON
1432,SEKER
11779,DERMASON
11603,DERMASON
4437,CALI
8503,SIRA
4732,CALI
11075,DERMASON
1383,SEKER
8837,SIRA
10997,DERMASON
5515,DERMASON
1322,SEKER
1866,SIRA
4644,CALI
10456,DERMASON
4843,BARBUNYA
11215,DERMASON
5506,DERMASON
13102,SIRA
4722,CALI
6321,HOROZ
3370,BOMBAY
2803,BARBUNYA
10793,DERMASON
6758,HOROZ
7988,SIRA
9211,SIRA
2846,BARBUNYA
10878,DERMASON
2825,BARBUNYA
13195,DERMASON
3784,BOMBAY
1817,SEKER
3989,CALI
6661,HOROZ
2861,BARBUNYA
6289,HOROZ
8112,SIRA
13378,SIRA
1395,SEKER
8701,SIRA
8055,SIRA
6480,HOROZ
5731,SIRA
3596,BOMBAY
12673,DERMASON
9885,SIRA
11338,DERMASON
11255,DERMASON
12411,DERMASON
656,SEKER
7767,SIRA
7469,DERMASON
13226,DERMASON
5259,CALI
6205,HOROZ
13103,DERMASON
8751,SIRA
13589,SIRA
7661,SIRA
1346,SEKER
2245,BARBUNYA
9878,SIRA
3483,BOMBAY
7166,HOROZ
9376,SIRA
12494,DERMASON
7639,DERMASON
9184,SIRA
8860,SIRA
3510,BOMBAY
2856,BARBUNYA
7176,HOROZ
2266,BARBUNYA
864,SEKER
7216,HOROZ
3815,BOMBAY
3010,BARBUNYA
10275,DERMASON
6433,HOROZ
8264,SIRA
4615,CALI
6379,HOROZ
2352,BARBUNYA
7910,DERMASON
1269,SEKER
5974,HOROZ
2548,BARBUNYA
2292,BARBUNYA
2701,BARBUNYA
11220,DERMASON
3020,BARBUNYA
1215,SEKER
7001,HOROZ
13135,DERMASON
5479,CALI
1163,SEKER
8289,SIRA
11910,DERMASON
8457,SIRA
8624,SIRA
11366,DERMASON
9158,SIRA
307,SEKER
6262,HOROZ
4110,CALI
10299,DERMASON
11409,DERMASON
1117,SEKER
2593,BARBUNYA
9743,SIRA
5275,CALI
6702,HOROZ
12944,DERMASON
6787,HOROZ
876,SEKER
7953,SIRA
2282,BARBUNYA
13168,DERMASON
1077,SEKER
13181,DERMASON
5951,HOROZ
7355,HOROZ
4723,CALI
11309,DERMASON
3508,BOMBAY
6623,HOROZ
332,SEKER
3279,BARBUNYA
8076,SIRA
6152,HOROZ
9137,SIRA
12076,DERMASON
5547,HOROZ
9187,SIRA
12436,DERMASON
284,SEKER
10782,DERMASON
7321,HOROZ
7816,DERMASON
8374,SIRA
11272,DERMASON
6940,HOROZ
13595,SIRA
6451,HOROZ
5623,HOROZ
6843,HOROZ
9046,SIRA
7544,DERMASON
12828,DERMASON
9415,SIRA
9795,HOROZ
8204,SIRA
6128,SIRA
13095,DERMASON
8770,SIRA
6131,HOROZ
12918,DERMASON
9972,BARBUNYA
9066,SIRA
5729,HOROZ
2964,BARBUNYA
8613,SIRA
4666,CALI
4789,CALI
11178,DERMASON
9005,SIRA
4037,CALI
6642,HOROZ
11622,DERMASON
8229,SIRA
12946,SIRA
6406,HOROZ
1501,SEKER
12795,DERMASON
12244,DERMASON
2288,BARBUNYA
3678,BOMBAY
7162,HOROZ
12555,DERMASON
7509,DERMASON
12161,DERMASON
11877,DERMASON
8405,SIRA
2343,BARBUNYA
8433,SIRA
5924,HOROZ
2623,BARBUNYA
12640,DERMASON
6431,HOROZ
7904,SIRA
4579,CALI
3352,BOMBAY
1417,SEKER
1336,SEKER
5814,HOROZ
9210,SIRA
4401,CALI
7610,DERMASON
5634,HOROZ
2228,BARBUNYA
12905,DERMASON
5342,CALI
2139,BARBUNYA
5716,SIRA
8283,SIRA
9382,SIRA
10228,DERMASON
12556,DERMASON
809,SEKER
12603,DERMASON
5310,CALI
8470,SIRA
11296,DERMASON
6392,HOROZ
9149,SIRA
12654,DERMASON
8287,SIRA
189,SEKER
2353,BARBUNYA
10780,DERMASON
3650,BOMBAY
4369,CALI
4116,CALI
12632,DERMASON
12586,DERMASON
5168,CALI
8111,SIRA
6635,HOROZ
3085,BARBUNYA
9293,SIRA
1765,SEKER
1943,SEKER
2421,BARBUNYA
9475,SIRA
5544,HOROZ
11540,DERMASON
13260,DERMASON
10942,DERMASON
7764,SIRA
13207,DERMASON
11107,DERMASON
4450,CALI
10658,DERMASON
9501,SIRA
4840,CALI
6227,HOROZ
5742,HOROZ
11895,DERMASON
2933,BARBUNYA
11233,DERMASON
1520,SEKER
9779,SIRA
2989,BARBUNYA
5504,DERMASON
5376,CALI
12629,DERMASON
1234,SEKER
411,SEKER
4796,CALI
7789,SEKER
3939,BARBUNYA
12155,DERMASON
8684,SIRA
10344,DERMASON
8090,SIRA
2048,SIRA
9645,SIRA
12697,DERMASON
1843,SEKER
2738,BARBUNYA
2867,BARBUNYA
1716,SEKER
6809,HOROZ
6806,HOROZ
7393,HOROZ
7768,SIRA
5483,CALI
9578,SIRA
12978,DERMASON
2159,BARBUNYA
1554,SEKER
5062,CALI
12223,DERMASON
11267,DERMASON
3451,BOMBAY
4014,CALI
9723,SIRA
9335,SIRA
11239,DERMASON
757,SEKER
4201,CALI
4765,CALI
969,SEKER
236,SEKER
4919,CALI
821,SEKER
6032,HOROZ
12490,DERMASON
8292,SIRA
1406,SEKER
10019,SIRA
11693,DERMASON
5453,CALI
12912,DERMASON
2419,BARBUNYA
10657,DERMASON
3321,BARBUNYA
12935,DERMASON
7121,HOROZ
6208,HOROZ
937,SEKER
8715,SIRA
10959,DERMASON
5149,CALI
10430,DERMASON
11117,DERMASON
4163,CALI
11089,DERMASON
8811,SIRA
5456,CALI
10940,DERMASON
10781,DERMASON
10680,DERMASON
10221,DERMASON
9077,SIRA
11049,DERMASON
2573,CALI
8898,SIRA
6333,HOROZ
2859,BARBUNYA
5436,CALI
249,SEKER
8726,SIRA
890,SEKER
5233,CALI
4125,CALI
634,SEKER
3308,BARBUNYA
12908,SIRA
6336,HOROZ
10938,DERMASON
7651,SIRA
10969,DERMASON
9984,SIRA
8082,SIRA
11374,DERMASON
1692,SEKER
12328,DERMASON
9822,SIRA
5351,CALI
12433,DERMASON
8584,SIRA
9097,SIRA
9009,SIRA
8634,SIRA
3191,BARBUNYA
2798,BARBUNYA
1394,SEKER
9905,SIRA
12121,DERMASON
729,SEKER
2626,BARBUNYA
208,SEKER
10975,DERMASON
1839,SEKER
2125,BARBUNYA
10343,DERMASON
2154,BARBUNYA
11923,DERMASON
6226,HOROZ
10917,DERMASON
9962,SIRA
6108,HOROZ
5069,CALI
579,SEKER
11818,DERMASON
13399,SIRA
7959,SIRA
9756,SIRA
3888,BARBUNYA
10134,DERMASON
4611,CALI
1593,SEKER
9306,SIRA
5935,HOROZ
1246,SEKER
3116,BARBUNYA
10384,DERMASON
6938,HOROZ
4639,CALI
2772,BARBUNYA
12963,DERMASON
2832,BARBUNYA
5268,CALI
12612,DERMASON
7419,HOROZ
6728,HOROZ
2831,BARBUNYA
939,SEKER
4325,CALI
10316,DERMASON
8876,SIRA
4696,CALI
9216,SIRA
4459,CALI
7733,SIRA
4479,CALI
5631,HOROZ
11097,DERMASON
2685,BARBUNYA
12154,DERMASON
2204,BARBUNYA
12553,DERMASON
6648,HOROZ
13338,DERMASON
1365,SEKER
11729,DERMASON
11161,DERMASON
10543,DERMASON
13246,SEKER
11055,DERMASON
11998,DERMASON
9283,SIRA
481,SEKER
5379,CALI
7676,SIRA
1113,SEKER
3275,BARBUNYA
5316,CALI
6901,HOROZ
11373,DERMASON
12835,DERMASON
633,SEKER
2412,BARBUNYA
5809,HOROZ
10847,DERMASON
76,SEKER
6646,HOROZ
9146,SIRA
622,SEKER
8282,SIRA
6343,HOROZ
8951,SIRA
2951,BARBUNYA
4284,CALI
5252,CALI
7293,HOROZ
9204,SIRA
6503,HOROZ
12653,DERMASON
8281,SIRA
9504,SIRA
4032,CALI
13571,SIRA
10533,DERMASON
9880,SIRA
4980,CALI
12026,DERMASON
6031,HOROZ
7920,SIRA
4885,CALI
10157,DERMASON
1785,SEKER
369,SEKER
6055,HOROZ
2806,BARBUNYA
3215,BARBUNYA
3400,BOMBAY
9203,SIRA
2416,BARBUNYA
949,SEKER
1994,SEKER
9361,SIRA
6844,HOROZ
4901,CALI
7832,SIRA
8764,SIRA
9601,SIRA
8191,SIRA
1654,SEKER
2662,BARBUNYA
625,SEKER
13245,SIRA
8240,SIRA
12400,DERMASON
10881,DERMASON
13553,SIRA
8603,SIRA
2080,SEKER
2774,BARBUNYA
10637,DERMASON
7128,HOROZ
13521,SIRA
4604,CALI
13439,SIRA
7409,HOROZ
416,SEKER
8327,SIRA
10436,DERMASON
7220,HOROZ
9490,SIRA
7497,DERMASON
11641,DERMASON
3858,BOMBAY
9571,SIRA
12391,DERMASON
2127,BARBUNYA
3011,BARBUNYA
11952,DERMASON
8389,SIRA
9549,SIRA
5755,HOROZ
1856,SEKER
721,SEKER
586,SEKER
7023,HOROZ
4057,CALI
11567,DERMASON
4258,CALI
3390,BOMBAY
2484,BARBUNYA
3745,BOMBAY
13261,SEKER
8594,SIRA
2284,BARBUNYA
7595,SIRA
1092,SEKER
6609,CALI
8308,SIRA
3953,CALI
6867,HOROZ
1429,SIRA
7465,DERMASON
3659,BOMBAY
66,SEKER
12760,DERMASON
3311,BARBUNYA
2117,BARBUNYA
11016,DERMASON
8444,SIRA
7372,HOROZ
9794,SIRA
6768,HOROZ
7227,HOROZ
6410,HOROZ
836,SEKER
6252,HOROZ
12219,DERMASON
10539,DERMASON
11800,DERMASON
6288,HOROZ
10246,DERMASON
6142,HOROZ
13119,DERMASON
8768,SIRA
12475,DERMASON
2046,SEKER
8427,SIRA
11202,DERMASON
11602,DERMASON
5604,HOROZ
10511,DERMASON
5116,CALI
5820,HOROZ
4977,CALI
8573,SIRA
3898,SIRA
4716,CALI
6084,HOROZ
2147,BARBUNYA
9089,SIRA
3109,BARBUNYA
12467,DERMASON
11751,DERMASON
13403,DERMASON
7715,SIRA
6481,HOROZ
6561,HOROZ
2227,BARBUNYA
7405,HOROZ
90,SEKER
13371,SEKER
6090,HOROZ
11291,DERMASON
3757,BOMBAY
3872,SEKER
8791,SIRA
12938,DERMASON
5741,HOROZ
5734,HOROZ
3522,BOMBAY
9480,SIRA
9924,SIRA
164,SEKER
5674,HOROZ
11190,DERMASON
1700,SEKER
12930,DERMASON
3812,BOMBAY
7694,DERMASON
6162,HOROZ
11653,DERMASON
3025,BARBUNYA
7378,HOROZ
176,SEKER
9674,SIRA
9199,SIRA
8212,SIRA
3096,BARBUNYA
4952,CALI
7243,HOROZ
4289,CALI
11245,DERMASON
908,SEKER
7575,DERMASON
5624,HOROZ
2507,BARBUNYA
3325,BARBUNYA
9072,SIRA
1503,SEKER
9115,SIRA
812,SEKER
4257,CALI
12570,DERMASON
644,SEKER
9333,SIRA
7274,HOROZ
4354,CALI
10796,DERMASON
7853,SIRA
9911,SEKER
13067,DERMASON
9364,SIRA
2641,BARBUNYA
2555,BARBUNYA
10715,DERMASON
9419,SIRA
3327,HOROZ
12687,DERMASON
10932,DERMASON
3456,BOMBAY
8440,SIRA
11823,DERMASON
8525,SIRA
3040,BARBUNYA
12253,DERMASON
11140,DERMASON
6873,HOROZ
1736,SEKER
6973,HOROZ
4011,CALI
6900,HOROZ
9062,SIRA
12451,DERMASON
4021,CALI
5498,CALI
11301,DERMASON
1477,SEKER
7048,HOROZ
10877,DERMASON
12252,DERMASON
7709,SIRA
7209,HOROZ
12503,DERMASON
4899,CALI
9640,SIRA
2935,BARBUNYA
6278,HOROZ
7611,SIRA
4753,CALI
11645,DERMASON
1688,SEKER
5611,HOROZ
12362,DERMASON
3246,BARBUNYA
2829,BARBUNYA
8381,SIRA
2622,BARBUNYA
4491,CALI
227,SEKER
10862,DERMASON
12040,DERMASON
8276,SIRA
11868,DERMASON
12929,DERMASON
6520,HOROZ
9538,SIRA
9533,SIRA
8530,SIRA
4873,CALI
13384,SIRA
8202,SIRA
4568,CALI
11882,DERMASON
2088,BARBUNYA
7908,SIRA
11424,DERMASON
4447,CALI
402,SEKER
13312,SIRA
6435,HOROZ
5778,HOROZ
11863,DERMASON
4783,CALI
10640,DERMASON
12299,DERMASON
8731,SIRA
6853,HOROZ
13429,SEKER
1426,SEKER
9057,SIRA
12548,DERMASON
4961,CALI
12303,DERMASON
9520,SIRA
13040,SIRA
10230,DERMASON
6479,HOROZ
10337,DERMASON
9410,SIRA
6743,HOROZ
3392,BOMBAY
5474,CALI
3034,BARBUNYA
990,SEKER
6229,HOROZ
12739,DERMASON
2241,BARBUNYA
10332,DERMASON
1906,SEKER
11810,DERMASON
5200,CALI
991,SEKER
8516,SIRA
328,SEKER
13304,DERMASON
6855,HOROZ
5329,CALI
9021,SIRA
5972,HOROZ
11081,DERMASON
10556,DERMASON
8441,SIRA
11139,DERMASON
2793,BARBUNYA
12024,DERMASON
5327,CALI
11592,DERMASON
7423,HOROZ
3273,BARBUNYA
9452,SIRA
4394,CALI
9804,SIRA
12242,DERMASON
684,SEKER
10391,DERMASON
9150,SIRA
2543,BARBUNYA
7376,HOROZ
12359,DERMASON
3408,BOMBAY
8956,SIRA
10132,DERMASON
12560,DERMASON
3964,CALI
12199,DERMASON
11019,DERMASON
1919,SIRA
10063,CALI
1377,SEKER
9910,SIRA
1882,SEKER
780,SEKER
4456,CALI
6821,HOROZ
8436,SIRA
8851,SIRA
4256,CALI
2550,BARBUNYA
1353,SEKER
8482,SIRA
1779,SEKER
1510,SEKER
8847,SIRA
4942,CALI
13329,DERMASON
10468,DERMASON
388,SEKER
7084,HOROZ
1231,SEKER
71,SEKER
6825,HOROZ
3146,BARBUNYA
1144,SEKER
9177,SIRA
6652,HOROZ
482,SEKER
7476,DERMASON
12,SEKER
12742,DERMASON
10988,DERMASON
12721,SIRA
4068,CALI
11507,DERMASON
1787,SEKER
8265,SIRA
1832,SEKER
1955,SEKER
11054,DERMASON
3785,BOMBAY
9825,SIRA
11896,DERMASON
1610,SEKER
1168,SEKER
8759,SIRA
11176,DERMASON
8920,SIRA
7538,DERMASON
8025,SIRA
11697,DERMASON
12251,DERMASON
10907,DERMASON
13385,SIRA
12068,DERMASON
11517,DERMASON
559,SEKER
10105,DERMASON
12335,DERMASON
10960,DERMASON
5541,HOROZ
4576,CALI
8849,SIRA
7678,SIRA
9717,SIRA
8899,SIRA
555,SEKER
12457,DERMASON
5263,CALI
13545,SIRA
1558,SEKER
4043,CALI
6307,HOROZ
10378,DERMASON
11109,DERMASON
2494,BARBUNYA
12005,DERMASON
12689,DERMASON
8528,SIRA
6588,HOROZ
13050,DERMASON
465,SEKER
490,SEKER
2237,BARBUNYA
12758,SIRA
1758,SIRA
4725,CALI
111,SEKER
64,SEKER
11524,DERMASON
12346,DERMASON
9108,SIRA
3547,BOMBAY
13508,SIRA
6634,HOROZ
184,SEKER
6922,HOROZ
2596,BARBUNYA
7091,HOROZ
10190,DERMASON
9221,SIRA
1667,SEKER
5054,CALI
378,SEKER
1934,SEKER
2400,BARBUNYA
5898,HOROZ
6627,HOROZ
1355,SEKER
259,SEKER
5151,BARBUNYA
8813,SIRA
13342,SIRA
782,SEKER
7236,HOROZ
363,SEKER
334,SEKER
8237,HOROZ
1725,SEKER
4633,CALI
13011,DERMASON
9129,SIRA
12730,DERMASON
9339,SIRA
8963,SIRA
2205,BARBUNYA
7979,SIRA
8888,SIRA
11671,DERMASON
1612,SEKER
22,SEKER
6581,HOROZ
2664,BARBUNYA
9441,SIRA
5607,HOROZ
8535,SIRA
12047,DERMASON
544,SEKER
4807,CALI
13345,SIRA
3820,BOMBAY
10232,DERMASON
9527,SIRA
8864,SIRA
12880,DERMASON
1721,SEKER
11631,DERMASON
158,SEKER
2921,BARBUNYA
4362,CALI
2129,BARBUNYA
11114,DERMASON
7641,SIRA
13461,DERMASON
3548,BOMBAY
3072,BARBUNYA
5131,CALI
1307,SEKER
1932,SEKER
12761,DERMASON
3600,BOMBAY
126,SEKER
12369,DERMASON
9239,SIRA
13005,DERMASON
2116,BARBUNYA
3247,BARBUNYA
662,SEKER
9213,SIRA
7149,HOROZ
4692,CALI
430,DERMASON
3873,SIRA
4033,CALI
12997,DERMASON
1818,SEKER
8808,SIRA
1979,SEKER
8921,SIRA
7810,SIRA
13348,DERMASON
8520,SIRA
13605,SEKER
1300,SEKER
3971,CALI
8957,SIRA
6647,HOROZ
1340,SEKER
7811,SIRA
11714,DERMASON
12103,DERMASON
4347,CALI
9953,SIRA
4295,CALI
12273,DERMASON
4974,CALI
3834,BOMBAY
9614,SIRA
3276,BARBUNYA
7169,HOROZ
1459,SEKER
7773,DERMASON
2466,BARBUNYA
698,SEKER
935,SEKER
5057,CALI
3527,BOMBAY
6457,HOROZ
8797,SIRA
179,SEKER
5270,BARBUNYA
8932,SIRA
9800,SIRA
12446,DERMASON
8022,SIRA
10022,SIRA
10765,DERMASON
1957,SEKER
4310,CALI
4665,CALI
8421,SIRA
477,SEKER
9498,SIRA
3592,BOMBAY
10653,DERMASON
13522,SIRA
8342,SIRA
4255,CALI
12770,DERMASON
8984,SIRA
11879,DERMASON
1671,SEKER
8556,SIRA
8938,SIRA
5900,HOROZ
8653,SIRA
9783,SIRA
9673,SIRA
13265,SIRA
7994,SIRA
6961,HOROZ
4026,CALI
3763,BOMBAY
7614,SIRA
984,SEKER
11889,DERMASON
8552,SIRA
12156,DERMASON
6318,HOROZ
186,SEKER
12515,DERMASON
6476,HOROZ
2337,BARBUNYA
8051,SIRA
9845,SIRA
2362,BARBUNYA
1749,SEKER
4551,HOROZ
2871,BARBUNYA
6815,HOROZ
11287,DERMASON
9363,SIRA
8337,SIRA
507,SEKER
1712,SEKER
2864,BARBUNYA
7502,DERMASON
2887,BARBUNYA
7739,SIRA
1633,SEKER
2471,BARBUNYA
7901,SIRA
1129,SEKER
4368,CALI
11149,DERMASON
7003,HOROZ
1800,SEKER
881,SEKER
6297,HOROZ
1562,SEKER
8596,SIRA
5246,CALI
3556,BOMBAY
4055,CALI
13382,DERMASON
2995,BARBUNYA
2716,BARBUNYA
6956,HOROZ
5946,SIRA
1141,SEKER
2094,BARBUNYA
4999,CALI
5863,HOROZ
4864,CALI
4874,CALI
4427,CALI
6613,HOROZ
0,SEKER
5903,HOROZ
11295,DERMASON
3412,BOMBAY
12817,DERMASON
9617,SIRA
4374,CALI
212,SEKER
3302,BARBUNYA
9563,SIRA
5255,CALI
9657,SIRA
12317,DERMASON
9791,SIRA
851,SEKER
4181,CALI
10831,DERMASON
11903,DERMASON
13138,SIRA
8545,SIRA
11772,DERMASON
9834,SIRA
1162,SEKER
6982,CALI
8267,SIRA
3175,BARBUNYA
7929,SIRA
3461,BOMBAY
5264,CALI
2267,BARBUNYA
11099,DERMASON
3211,BARBUNYA
1414,SEKER
11676,DERMASON
10564,DERMASON
7572,DERMASON
6892,HOROZ
10475,DERMASON
11187,DERMASON
13602,SIRA
7831,SIRA
10930,DERMASON
2122,BARBUNYA
4004,CALI
10174,DERMASON
8195,SIRA
3603,BOMBAY
1730,SEKER
2309,BARBUNYA
72,SEKER
1723,SEKER
6080,HOROZ
266,SEKER
6091,HOROZ
545,SEKER
5828,HOROZ
6749,HOROZ
4323,CALI
224,SEKER
7553,SIRA
11136,DERMASON
13296,SIRA
12176,DERMASON
641,SEKER
11232,DERMASON
2797,BARBUNYA
13268,SIRA
10488,DERMASON
6629,HOROZ
9,SEKER
7965,SIRA
12717,DERMASON
9503,SIRA
13394,SIRA
12518,DERMASON
13353,SIRA
6,SEKER
6468,HOROZ
7939,SIRA
4616,CALI
5139,CALI
9471,SIRA
8161,SIRA
2928,BARBUNYA
5191,CALI
865,SEKER
3703,BOMBAY
776,SEKER
10912,DERMASON
9562,SIRA
583,SEKER
10665,DERMASON
1135,SEKER
6358,HOROZ
9508,SIRA
10568,DERMASON
4781,CALI
2941,BARBUNYA
5102,CALI
5485,BARBUNYA
11852,DERMASON
9404,SIRA
7874,SIRA
10130,DERMASON
5244,CALI
6155,HOROZ
9665,SIRA
6331,HOROZ
9420,SIRA
1824,SEKER
3644,BOMBAY
11474,DERMASON
9274,SIRA
1577,SEKER
13582,SIRA
2371,BARBUNYA
13565,SIRA
3570,BOMBAY
13056,DERMASON
4967,CALI
2021,BARBUNYA
1861,SIRA
8353,SIRA
669,SEKER
1484,SEKER
7020,HOROZ
2754,BARBUNYA
10871,DERMASON
3236,BARBUNYA
313,SEKER
12893,DERMASON
11451,DERMASON
875,SEKER
2342,BARBUNYA
7756,HOROZ
6106,HOROZ
11558,DERMASON
7183,HOROZ
4741,CALI
718,SEKER
1705,SEKER
51,SEKER
8664,SIRA
12210,DERMASON
13234,BARBUNYA
1055,SEKER
3169,BARBUNYA
4896,CALI
10159,DERMASON
2106,BARBUNYA
941,SEKER
12167,DERMASON
2142,BARBUNYA
1567,SEKER
11503,DERMASON
13418,SIRA
8599,SIRA
5911,HOROZ
7615,DERMASON
7177,HOROZ
4811,CALI
9802,HOROZ
12708,SIRA
11595,DERMASON
7873,SIRA
10934,DERMASON
12292,DERMASON
2189,BARBUNYA
680,SEKER
11658,DERMASON
1086,SEKER
9747,SIRA
9676,SIRA
5918,HOROZ
6688,HOROZ
5481,CALI
4108,CALI
11711,DERMASON
3876,SIRA
1075,SEKER
2013,SIRA
48,SEKER
13575,SIRA
7997,SIRA
1574,SEKER
13573,SIRA
3440,BOMBAY
8747,SIRA
4795,CALI
8288,SIRA
11027,DERMASON
6444,HOROZ
8119,SIRA
457,SEKER
13475,SIRA
10777,DERMASON
7041,HOROZ
1165,SEKER
6614,HOROZ
10702,DERMASON
10901,DERMASON
6206,HOROZ
2067,BARBUNYA
4474,CALI
10531,DERMASON
6209,HOROZ
10503,DERMASON
8487,SIRA
3237,BARBUNYA
12442,DERMASON
497,SEKER
5686,SIRA
4767,CALI
6030,HOROZ
11046,DERMASON
5031,CALI
537,SEKER
9394,SIRA
1940,SEKER
2011,SIRA
806,SEKER
979,SEKER
13592,SEKER
5454,CALI
7580,SIRA
4351,CALI
3181,BARBUNYA
13302,SIRA
1662,SEKER
11181,DERMASON
7833,SIRA
2890,BARBUNYA
4286,CALI
8661,SIRA
10894,DERMASON
600,SEKER
536,SEKER
4563,CALI
3836,BOMBAY
1808,SEKER
10926,DERMASON
1233,SEKER
6144,HOROZ
8717,SIRA
453,SEKER
13113,DERMASON
621,SEKER
7307,BARBUNYA
9999,SIRA
3091,BARBUNYA
8814,SIRA
379,SEKER
4585,CALI
9033,SIRA
8153,SIRA
1037,SEKER
9641,SIRA
1784,SEKER
6708,HOROZ
12885,DERMASON
10234,DERMASON
3665,BOMBAY
11843,DERMASON
8648,SIRA
6716,HOROZ
13519,SIRA
1621,SEKER
3287,BARBUNYA
1185,SEKER
4264,CALI
2178,BARBUNYA
9010,SIRA
4607,CALI
8333,SIRA
1248,SEKER
4913,CALI
2570,BARBUNYA
8068,SIRA
3896,BARBUNYA
12364,DERMASON
919,SEKER
6191,HOROZ
9519,SIRA
3534,BOMBAY
4544,CALI
6877,HOROZ
7736,DERMASON
1583,SEKER
229,SEKER
264,SEKER
6658,HOROZ
6273,HOROZ
11611,DERMASON
9286,SIRA
5653,HOROZ
4170,CALI
10247,DERMASON
13213,DERMASON
4478,CALI
6854,HOROZ
9038,SIRA
8058,SIRA
1058,SEKER
13409,SIRA
11118,DERMASON
12584,DERMASON
79,DERMASON
9100,SIRA
11021,DERMASON
9843,SIRA
9718,SIRA
7118,HOROZ
6398,HOROZ
6889,HOROZ
2250,BARBUNYA
12982,DERMASON
2443,BARBUNYA
5864,HOROZ
232,SEKER
5358,CALI
12994,DERMASON
975,SEKER
13408,DERMASON
1175,SEKER
1735,SEKER
9197,SIRA
9479,SIRA
6018,HOROZ
1580,SEKER
7912,SIRA
964,SEKER
9697,SIRA
10625,DERMASON
10722,DERMASON
9154,SIRA
5789,HOROZ
7201,HOROZ
3518,BOMBAY
11377,DERMASON
1495,SEKER
11389,DERMASON
10512,DERMASON
11740,DERMASON
7717,SIRA
783,SEKER
2381,BARBUNYA
11589,DERMASON
10548,DERMASON
9201,SIRA
13092,DERMASON
5528,HOROZ
13257,DERMASON
5622,HOROZ
3226,BARBUNYA
4221,CALI
12637,DERMASON
1509,SEKER
422,SEKER
11782,DERMASON
7646,DERMASON
9251,SIRA
12069,DERMASON
4203,CALI
5,SEKER
1563,SEKER
11371,DERMASON
3700,BOMBAY
8598,SIRA
1961,SIRA
7587,SIRA
10632,DERMASON
10034,SIRA
12699,DERMASON
2249,BARBUNYA
6904,HOROZ
5636,HOROZ
1586,SEKER
5879,HOROZ
3369,BOMBAY
8461,SIRA
9720,SIRA
13610,SIRA
10622,DERMASON
13289,DERMASON
3938,CALI
10422,DERMASON
4212,CALI
630,SEKER
7235,HOROZ
11822,DERMASON
7276,HOROZ
2847,BARBUNYA
10828,DERMASON
4219,CALI
3555,BOMBAY
3138,BARBUNYA
2600,BARBUNYA
5620,HOROZ
509,SEKER
6782,HOROZ
12722,DERMASON
11038,DERMASON
2824,BARBUNYA
2742,BARBUNYA
10065,DERMASON
3918,CALI
1653,SEKER
7391,HOROZ
11614,DERMASON
11660,DERMASON
100,SEKER
2934,BARBUNYA
4877,CALI
347,SEKER
2173,BARBUNYA
7519,DERMASON
2163,BARBUNYA
9035,SIRA
1898,SEKER
1512,SEKER
7415,CALI
5699,HOROZ
9418,SIRA
540,SEKER
8295,SIRA
6219,HOROZ
12071,DERMASON
10047,SIRA
4432,CALI
8563,SIRA
658,SEKER
7582,DERMASON
11122,DERMASON
7002,HOROZ
4915,CALI
13482,SIRA
11763,DERMASON
11986,DERMASON
7691,SIRA
7244,CALI
1012,SEKER
5076,CALI
9848,SIRA
12970,DERMASON
3153,BARBUNYA
3926,BARBUNYA
10757,DERMASON
4094,CALI
5892,HOROZ
6446,HOROZ
4893,CALI
13277,DERMASON
5115,CALI
4280,CALI
11329,DERMASON
11403,DERMASON
4245,HOROZ
7407,CALI
11198,DERMASON
4277,CALI
6678,HOROZ
3052,BARBUNYA
11956,DERMASON
5478,CALI
13474,SIRA
4803,CALI
7070,HOROZ
10644,DERMASON
5590,HOROZ
6110,HOROZ
853,SEKER
10845,DERMASON
13229,DERMASON
4234,CALI
12363,DERMASON
8835,SIRA
9856,SIRA
8846,SIRA
5261,CALI
6533,HOROZ
11990,DERMASON
11792,DERMASON
9867,SIRA
1652,SEKER
11906,DERMASON
6061,HOROZ
2281,BARBUNYA
6710,HOROZ
3313,BARBUNYA
4988,CALI
7734,DERMASON
37,SEKER
9678,SIRA
12231,DERMASON
7050,HOROZ
3574,BOMBAY
7843,SIRA
8103,SIRA
11897,DERMASON
1186,SEKER
12581,DERMASON
13091,DERMASON
12127,DERMASON
7887,SIRA
1838,SIRA
1050,SEKER
4986,CALI
11662,DERMASON
7964,SIRA
9951,SIRA
201,SEKER
5857,HOROZ
4145,CALI
4196,CALI
30,SEKER
3672,BOMBAY
5309,CALI
11719,DERMASON
10357,DERMASON
4569,CALI
3250,BARBUNYA
5370,CALI
5852,HOROZ
4890,CALI
7447,SEKER
522,SEKER
7740,SIRA
3415,BOMBAY
10345,DERMASON
13188,DERMASON
5861,HOROZ
310,SEKER
9765,SIRA
1584,SEKER
12696,DERMASON
2648,BARBUNYA
8595,SIRA
1635,SEKER
6420,HOROZ
6436,HOROZ
2578,BARBUNYA
4127,CALI
5203,CALI
8570,SIRA
3082,BARBUNYA
4452,CALI
7,SEKER
1561,SEKER
11056,DERMASON
7507,DERMASON
1172,SEKER
7490,DERMASON
302,SEKER
12596,DERMASON
1176,SEKER
6589,HOROZ
4430,CALI
7455,DERMASON
4077,CALI
11874,DERMASON
4664,CALI
5520,HOROZ
10540,DERMASON
4928,CALI
3326,BARBUNYA
13054,DERMASON
3062,BARBUNYA
12332,DERMASON
6653,HOROZ
6202,HOROZ
9370,SIRA
11936,DERMASON
10889,DERMASON
8159,HOROZ
11194,DERMASON
1112,SEKER
5269,CALI
480,SEKER
2376,BARBUNYA
606,SEKER
3026,BARBUNYA
6439,HOROZ
1892,SEKER
1888,SEKER
11166,DERMASON
9494,SIRA
13370,DERMASON
9432,SIRA
694,SEKER
7296,HOROZ
4117,CALI
3537,BOMBAY
9341,SIRA
11408,DERMASON
452,SEKER
6029,HOROZ
12312,DERMASON
11914,DERMASON
869,SEKER
12860,DERMASON
9192,SIRA
2007,SIRA
11415,DERMASON
9105,SIRA
12842,DERMASON
1164,SEKER
5512,HOROZ
2870,BARBUNYA
12234,DERMASON
5490,CALI
1474,SEKER
1603,SEKER
8463,SIRA
1881,SEKER
491,SEKER
1347,SEKER
9855,SIRA
2735,BARBUNYA
2711,BARBUNYA
12351,DERMASON
8393,SIRA
6770,HOROZ
12033,DERMASON
458,SEKER
8238,SIRA
2027,SIRA
12784,DERMASON
8050,SIRA
6931,HOROZ
5600,HOROZ
6013,HOROZ
11883,DERMASON
117,SEKER
10395,DERMASON
11828,DERMASON
10281,DERMASON
12325,DERMASON
12635,DERMASON
1098,SEKER
7659,DERMASON
7064,HOROZ
34,SEKER
3744,BOMBAY
9326,SIRA
9344,SIRA
7383,HOROZ
3184,BARBUNYA
8075,SIRA
9952,SIRA
8394,SIRA
12796,DERMASON
11214,DERMASON
7027,HOROZ
9561,SIRA
7037,HOROZ
4895,CALI
9524,SIRA
7143,HOROZ
8147,SIRA
1487,SEKER
10009,SIRA
11332,DERMASON
9279,SIRA
353,SEKER
10826,DERMASON
2710,BARBUNYA
274,SEKER
1010,SEKER
6111,HOROZ
5800,HOROZ
8823,SIRA
6066,HOROZ
6516,HOROZ
10618,DERMASON
4013,CALI
2644,BARBUNYA
808,SEKER
9050,SIRA
10144,DERMASON
3781,BOMBAY
8790,SIRA
9367,SIRA
2473,BARBUNYA
4343,CALI
11742,DERMASON
713,SEKER
13524,SEKER
5434,CALI
1546,SIRA
956,SEKER
12459,DERMASON
9209,SIRA
8097,SIRA
4190,CALI
8386,SIRA
10747,DERMASON
5723,SIRA
9692,SIRA
5196,CALI
6429,HOROZ
11575,DERMASON
1444,SEKER
527,SEKER
8727,SIRA
10559,DERMASON
11206,DERMASON
6832,HOROZ
3783,BOMBAY
8092,SIRA
10274,DERMASON
8007,SIRA
11369,DERMASON
10139,DERMASON
8339,SIRA
12698,DERMASON
9788,SIRA
8343,SIRA
10561,DERMASON
9402,SIRA
5432,CALI
12532,DERMASON
753,SEKER
6528,HOROZ
10428,DERMASON
4268,CALI
1550,SEKER
9510,SIRA
11228,DERMASON
12429,DERMASON
4845,CALI
6172,HOROZ
11931,DERMASON
8059,SIRA
12659,DERMASON
1962,SEKER
7974,SIRA
9264,SIRA
4497,HOROZ
11137,DERMASON
8420,SIRA
12057,DERMASON
7583,HOROZ
2497,BARBUNYA
12516,DERMASON
4705,CALI
3809,BOMBAY
7140,HOROZ
12250,DERMASON
2135,BARBUNYA
4105,CALI
5439,CALI
13115,DERMASON
11213,DERMASON
5724,HOROZ
6000,HOROZ
3441,BOMBAY
3651,BOMBAY
686,SEKER
4410,CALI
9557,SIRA
7221,HOROZ
6571,HOROZ
197,DERMASON
174,SEKER
2629,BARBUNYA
11014,DERMASON
8682,SIRA
12966,DERMASON
5932,HOROZ
10661,DERMASON
12107,DERMASON
13144,DERMASON
12055,DERMASON
11652,DERMASON
7931,SIRA
9789,SIRA
11754,DERMASON
3894,SIRA
4267,CALI
8174,SIRA
7635,DERMASON
5360,CALI
8571,SIRA
1488,SEKER
5529,SIRA
12606,DERMASON
11912,DERMASON
2073,BARBUNYA
10588,DERMASON
228,SEKER
10126,DERMASON
10918,DERMASON
4946,CALI
5459,CALI
2820,BARBUNYA
10738,DERMASON
1835,SEKER
4509,CALI
9282,SIRA
222,SEKER
10483,DERMASON
6504,HOROZ
12549,DERMASON
10411,DERMASON
9030,SIRA
3401,BOMBAY
6330,HOROZ
8216,SIRA
11501,DERMASON
12972,DERMASON
13464,SIRA
13009,DERMASON
214,SEKER
2358,BARBUNYA
7147,HOROZ
12023,DERMASON
3368,BOMBAY
9015,SIRA
11130,DERMASON
12763,SIRA
7672,SIRA
8825,SIRA
6808,HOROZ
12404,DERMASON
5663,HOROZ
10779,DERMASON
10499,DERMASON
4076,CALI
7290,HOROZ
121,SEKER
2576,BARBUNYA
7328,HOROZ
4124,CALI
2860,BARBUNYA
10849,DERMASON
7462,DERMASON
9412,SIRA
13000,DERMASON
12626,DERMASON
3503,BOMBAY
7663,DERMASON
3705,BOMBAY
1752,SEKER
553,SEKER
8752,SIRA
12540,DERMASON
2610,BARBUNYA
11766,DERMASON
12254,DERMASON
8631,SIRA
3929,CALI
10179,DERMASON
11482,DERMASON
2534,BARBUNYA
12891,DERMASON
8213,SIRA
8711,SIRA
8294,SIRA
12638,DERMASON
9710,SIRA
4239,CALI
7758,SIRA
7716,DERMASON
2936,BARBUNYA
4185,CALI
9731,SIRA
124,SEKER
7165,HOROZ
4029,CALI
9815,SIRA
6949,HOROZ
8967,SIRA
10123,DERMASON
5050,CALI
13404,SIRA
4884,CALI
6740,HOROZ
6697,HOROZ
3927,CALI
9437,SIRA
5796,HOROZ
5552,HOROZ
1914,SEKER
4139,BARBUNYA
13494,DERMASON
7308,HOROZ
2467,BARBUNYA
6332,HOROZ
3299,CALI
3272,BARBUNYA
7337,HOROZ
10129,DERMASON
6402,HOROZ
6375,HOROZ
1837,SEKER
6427,HOROZ
2882,BARBUNYA
7297,HOROZ
11632,DERMASON
4473,CALI
10529,DERMASON
9509,SIRA
1173,SEKER
10892,DERMASON
7042,HOROZ
